Company Name,Title,Description,Location,Started On,Finished On
Mythics,Associate Software Engineer,,Bengaluru,Sep 2026,
"Mythics, LLC",Practice AI Engineer,,Bangalore Urban,May 2025,Sep 2026
Smart ERP Solutions,Generative AI Engineer,,Bangalore Urban,May 2025,May 2025
ReferralYogi,Software Developer,,India,Jul 2024,May 2025
Adobe,Gen AI Engineer Intern,,Hyderabad,Sep 2023,May 2024
Lumos Magazine,Graphic Designer,,,Feb 2023,Nov 2023
Larsen & Toubro,Full-stack Developer Intern,,"Chennai, Tamil Nadu, India",May 2023,Aug 2023
Lumos chennai Institute of Technology ,Video Editor,,"Chennai, Tamil Nadu, India",Feb 2023,Feb 2023
AiVirex Innovations ,Graphic Designer,"Hey People! I am Happy to announce that I have successfully completed my internship as an graphic designer. As a creative and innovative graphic designer, I have a passion for designing visual concepts that communicate ideas and messages in a meaningful way. With 8 months of experience in the field. And have gained the skills of Handling and working in the following Software: 1. Adobe Photoshop 2. Adobe Illustrator 3. Premiere Pro",,Jan 2022,Sep 2022
